id,tipo,origen,aditivo,clasificación,aditivos_alergicos
E100,No nocivo,Vegetal,Curcumina,Colorante Colorantes,"Dont worry, be happy!"
E101,No nocivo,Animal,Riboflavina,Colorante Colorantes,"Warning, this could kill you!"
E102,¡Peligroso!,Químico o sintético,"Tartracina, Tartrazina, Tartrazine, Amarillo 5, Yellow 5",Colorante Colorantes,"Dont worry, be happy!"
E104,¡Peligroso!,Químico o sintético,"Amarillo quinoleina, quinoline yellow",Colorante Colorantes,"Dont worry, be happy!"
E106,No nocivo,Indeterminado,Lactoflavina,Colorante Colorantes,"Warning, this could kill you!"
E110,¡Peligroso!,Químico o sintético,"Amarillo naranja, sunset yellow",Colorante Colorantes,"Dont worry, be happy!"
E120,¡Peligroso!,Animal,Cochinilla,Colorante Colorantes,"Dont worry, be happy!"
E122,¡Peligroso!,Químico o sintético,"Azorrubina, Carmoisina, Carmoisine, Red 3, Azorubina S, Brillantcarmoisin O, Acid Red 14, C.I. 14720",Colorante Colorantes,"Dont worry, be happy!"
E123,¡Peligroso!,Químico o sintético,Amaranto,Colorante Colorantes,"Dont worry, be happy!"
E124,¡Peligroso!,Químico o sintético,Ponceau 4R,Colorante Colorantes,"Dont worry, be happy!"
E127,¡Peligroso!,Químico o sintético,Eritrosina,Colorante Colorantes,"Dont worry, be happy!"
E128,¡Peligroso!,Químico o sintético,Rojo 2G,Colorante Colorantes,"Dont worry, be happy!"
E129,¡Peligroso!,Químico o sintético,"Rojo allura AC, allura red",Colorante Colorantes,"Dont worry, be happy!"
E131,¡Peligroso!,Químico o sintético,Azul patentado,Colorante Colorantes,"Dont worry, be happy!"
E132,No nocivo,Químico o sintético,Indigotina,Colorante Colorantes,"Dont worry, be happy!"
E133,Sospechoso,Químico o sintético,Azul,Colorante Colorantes,"Dont worry, be happy!"
E140,No nocivo,Vegetal,Clorofilas,Colorante Colorantes,"Dont worry, be happy!"
E141,Sospechoso,Químico o sintético,Compuesto de clorofila,Colorante Colorantes,"Dont worry, be happy!"
E142,¡Peligroso!,Químico o sintético,Verde ácido,Colorante Colorantes,"Dont worry, be happy!"
E150,Sospechoso,Indeterminado,Caramelo,Colorante Colorantes,"Warning, this could kill you!"
E151,¡Peligroso!,Químico o sintético,Negro brillante,Colorante Colorantes,"Dont worry, be happy!"
E153,Sospechoso,Indeterminado,Carbón vegetal o animal,Colorante Colorantes,"Dont worry, be happy!"
E154,¡Peligroso!,Químico o sintético,Marrón FK,Colorante Colorantes,"Dont worry, be happy!"
E155,¡Peligroso!,Químico o sintético,Marrón HT,Colorante Colorantes,"Dont worry, be happy!"
E160,No nocivo,Químico o sintético,Carotenoides,Colorante Colorantes,"Dont worry, be happy!"
E161,No nocivo,Químico o sintético,Xantofilas,Colorante Colorantes,"Dont worry, be happy!"
E162,No nocivo,Químico o sintético,Betanina,Colorante Colorantes,"Dont worry, be happy!"
E163,No nocivo,Vegetal,Antocianinas,Colorante Colorantes,"Dont worry, be happy!"
E170,No nocivo,Químico o sintético,"Carbonato de calcio, Carbonato cálcico, Carbonato Ca",Colorante Colorantes,"Dont worry, be happy!"
E171,Sospechoso,Químico o sintético,Dióxido de Titanio,Colorante Colorantes,"Dont worry, be happy!"
E172,No nocivo,Químico o sintético,"Óxido de hierro, Óxido de Fe",Colorante Colorantes,"Dont worry, be happy!"
E173,Sospechoso,Químico o sintético,Aluminio,Colorante Colorantes,"Dont worry, be happy!"
E174,Sospechoso,Químico o sintético,Plata,Colorante Colorantes,"Dont worry, be happy!"
E175,Sospechoso,Químico o sintético,Oro,Colorante Colorantes,"Dont worry, be happy!"
E180,¡Peligroso!,Químico o sintético,Pigmento rojo,Colorante Colorantes,"Dont worry, be happy!"
E200,No nocivo,Químico o sintético,Ácido sórbico,Conservante Conservantes,"Dont worry, be happy!"
E201,No nocivo,Químico o sintético,"Sorbato de sodio, Sorbato sódico, Sorbato de Na",Conservante Conservantes,"Dont worry, be happy!"
E202,Sospechoso,Químico o sintético,"Sorbato de potasio, Sorbato potásico, Sorbato de K, Sal de potasio del ácido sórbico",Conservante Conservantes,"Dont worry, be happy!"
E203,No nocivo,Químico o sintético,"Sorbato de calcio, Sorbato cálcico, Sorbato Ca",Conservante Conservantes,"Dont worry, be happy!"
E210,¡Peligroso!,Químico o sintético,Ácido benzoico,Conservante Conservantes,"Dont worry, be happy!"
E211,¡Peligroso!,Químico o sintético,"Benzoato de sodio, Benzoato sódico, Benzoato Na",Conservante Conservantes,"Dont worry, be happy!"
E212,¡Peligroso!,Químico o sintético,"Benzoato de potasio, Benzoato potásico, Benzoato K",Conservante Conservantes,"Dont worry, be happy!"
E213,¡Peligroso!,Químico o sintético,"Benzoato de calcio, Benzoato cálcico, Benzoato Ca",Conservante Conservantes,"Dont worry, be happy!"
E214,¡Peligroso!,Químico o sintético,P-Hidroxilo Etilo,Conservante Conservantes,"Dont worry, be happy!"
E215,¡Peligroso!,Químico o sintético,Derivado H.E.,Conservante Conservantes,"Dont worry, be happy!"
E216,¡Peligroso!,Químico o sintético,Hidroxilo Propilo,Conservante Conservantes,"Dont worry, be happy!"
E217,¡Peligroso!,Químico o sintético,Derivado H.P.,Conservante Conservantes,"Dont worry, be happy!"
E218,¡Peligroso!,Químico o sintético,Hidroxilo Metilo,Conservante Conservantes,"Dont worry, be happy!"
E219,¡Peligroso!,Químico o sintético,Hidróxido M. de Na,Conservante Conservantes,"Dont worry, be happy!"
E220,¡Peligroso!,Químico o sintético,"Anhídrido sulfuroso, Dióxido de azufre, Óxido de azufre (IV)",Conservante Conservantes,"Dont worry, be happy!"
E221,Sospechoso,Químico o sintético,"Sulfito de sodio, Sulfito sódico, Sulfito de Na",Conservante Conservantes,"Dont worry, be happy!"
E222,Sospechoso,Químico o sintético,"Bisulfito de sodio, Bisulfito sódico, Bisulfito de Na",Conservante Conservantes,"Dont worry, be happy!"
E223,Sospechoso,Químico o sintético,"Disulfito de sodio, Disulfito sódico, Disulfito de Na",Conservante Conservantes,"Dont worry, be happy!"
E224,Sospechoso,Químico o sintético,"Bisulfito de potasio, Bisulfito de K, Disulfito de K, Metabisulfito potásico",Conservante Conservantes,"Dont worry, be happy!"
E225,Sospechoso,Químico o sintético,"Disulfito de calcio, Disulfito cálcico, Disulfito Ca",Conservante Conservantes,"Dont worry, be happy!"
E226,Sospechoso,Químico o sintético,"Sulfito de calcio, Sulfito cálcico, Sulfito de Ca",Conservante Conservantes,"Dont worry, be happy!"
E227,Sospechoso,Químico o sintético,"Bisulfito de calcio, Bisulfito cálcico, Bisulfito de Ca",Conservante Conservantes,"Dont worry, be happy!"
E228,¡Peligroso!,Químico o sintético,"Sulfito ácido de potasio, Bisulfito de potasio",Conservante Conservantes,"Dont worry, be happy!"
E230,¡Peligroso!,Químico o sintético,Difenilo,Conservante Conservantes,"Dont worry, be happy!"
E231,¡Peligroso!,Químico o sintético,O-fenifenol,Conservante Conservantes,"Dont worry, be happy!"
E232,¡Peligroso!,Químico o sintético,O-fenilfenolato,Conservante Conservantes,"Dont worry, be happy!"
E233,¡Peligroso!,Químico o sintético,Tiabendazol,Conservante Conservantes,"Dont worry, be happy!"
E234,No nocivo,Químico o sintético,Nisina,Conservante Conservantes,"Dont worry, be happy!"
E235,Sospechoso,Químico o sintético,Natamicina,Conservante Conservantes,"Dont worry, be happy!"
E236,¡Peligroso!,Químico o sintético,Ácido fórmico,Conservante Conservantes,"Dont worry, be happy!"
E237,¡Peligroso!,Químico o sintético,"Formiato de sodio, Formiato sódico, Formiato Na",Conservante Conservantes,"Dont worry, be happy!"
E238,¡Peligroso!,Químico o sintético,"Formiato de calcio, Formiato cálcico, Formiato Ca",Conservante Conservantes,"Dont worry, be happy!"
E239,¡Peligroso!,Químico o sintético,"Hexametileno, Hexametilentetramina, Hexamina, Urotropina, Formamina, HMTA, Hexaformo, Metenamina",Conservante Conservantes,"Dont worry, be happy!"
E240,¡Peligroso!,Químico o sintético,Ácido bórico,Conservante Conservantes,"Dont worry, be happy!"
E241,¡Peligroso!,Químico o sintético,"Tetraborato de potasio, Tetraborato potásico, Tetraborato K",Conservante Conservantes,"Dont worry, be happy!"
E242,Sospechoso,Químico o sintético,Dimetil dicar.,Conservante Conservantes,"Dont worry, be happy!"
E243,No nocivo,Químico o sintético,Etil Lauroil Arginato,Conservante Conservantes,"Dont worry, be happy!"
E249,¡Peligroso!,Químico o sintético,"Nitrito de potasio, Nitrito potásico, Nitrito de K",Conservante Conservantes,"Dont worry, be happy!"
E250,¡Peligroso!,Químico o sintético,"Nitrito de sodio, Nitrito sódico, Nitrito de Na",Conservante Conservantes,"Dont worry, be happy!"
E251,¡Peligroso!,Químico o sintético,"Nitrato de sodio, Nitrato sódico, Nitrato de Na",Conservante Conservantes,"Dont worry, be happy!"
E252,¡Peligroso!,Químico o sintético,"Nitrato de potasio, Nitrato potásico, Nitrato de K",Conservante Conservantes,"Dont worry, be happy!"
E260,No nocivo,Químico o sintético,Ácido acético,Conservante Conservantes,"Warning, this could kill you!"
E261,No nocivo,Químico o sintético,"Acetato de potasio, Acetato potásico, Acetato de K",Conservante Conservantes,"Dont worry, be happy!"
E262,No nocivo,Químico o sintético,"Diacetato de sodio, Diacetato sódico, Diacetato Na",Conservante Conservantes,"Dont worry, be happy!"
E263,No nocivo,Químico o sintético,"Acetato de calcio, Acetato cálcico, Acetato Ca",Conservante Conservantes,"Dont worry, be happy!"
E270,No nocivo,Químico o sintético,Ácido láctico,Conservante Conservantes,"Warning, this could kill you!"
E280,No nocivo,Químico o sintético,Ácido propilo,Conservante Conservantes,"Dont worry, be happy!"
E281,No nocivo,Químico o sintético,"Propionato de sodio, Propionato sódico, Propionato Na",Conservante Conservantes,"Dont worry, be happy!"
E282,No nocivo,Químico o sintético,"Propilo de calcio, Propilo cálcico, Propilo Ca",Conservante Conservantes,"Dont worry, be happy!"
E283,No nocivo,Químico o sintético,"Propionato de potasio, Propionato potásico, Propionato de K",Conservante Conservantes,"Dont worry, be happy!"
E284,¡Peligroso!,Químico o sintético,Ácido bórico,Conservante Conservantes,"Dont worry, be happy!"
E285,¡Peligroso!,Químico o sintético,"Tetraborato de potasio, Tetraborato potásico, Tetraborato K",Conservante Conservantes,"Dont worry, be happy!"
E290,No nocivo,Químico o sintético,"Dióxido de carbono, Anhídrido carbónico, Gas carbónico",Conservante Conservantes,"Dont worry, be happy!"
E296,Sospechoso,Químico o sintético,Ácido málico,Conservante Conservantes,"Dont worry, be happy!"
E297,Sospechoso,Químico o sintético,Ácido fumárico,Conservante Conservantes,"Dont worry, be happy!"
E300,No nocivo,Químico o sintético,Ácido ascórbico,Antioxidante Antioxidantes,"Dont worry, be happy!"
E301,No nocivo,Químico o sintético,"Ascorbato de sodio, Ascorbato sódico, Ascorbato de Na",Antioxidante Antioxidantes,"Dont worry, be happy!"
E302,No nocivo,Químico o sintético,"Ascorbato de calcio, Ascorbato cálcico, Ascorbato Ca",Antioxidante Antioxidantes,"Dont worry, be happy!"
E303,No nocivo,Químico o sintético,Diácido ascórbico,Antioxidante Antioxidantes,"Dont worry, be happy!"
E304,No nocivo,Químico o sintético,Palmitato Ascorbilo,Antioxidante Antioxidantes,"Dont worry, be happy!"
E306,No nocivo,Vegetal,Extracción Vegetal,Antioxidante Antioxidantes,"Dont worry, be happy!"
E307,No nocivo,Químico o sintético,Alfa-Tocoferol,Antioxidante Antioxidantes,"Dont worry, be happy!"
E308,No nocivo,Químico o sintético,Gamma-Tocoferol,Antioxidante Antioxidantes,"Dont worry, be happy!"
E309,No nocivo,Químico o sintético,Delta-Tocoferol,Antioxidante Antioxidantes,"Dont worry, be happy!"
E310,Sospechoso,Químico o sintético,Galato de Propílico,Antioxidante Antioxidantes,"Dont worry, be happy!"
E311,¡Peligroso!,Químico o sintético,"Galato de octilo, Gelato de octilo",Antioxidante Antioxidantes,"Dont worry, be happy!"
E312,No nocivo,Químico o sintético,"Galato dodecilo, Gelato dodecilo, Galato de laurilo",Antioxidante Antioxidantes,"Dont worry, be happy!"
E315,Sospechoso,Químico o sintético,Ácido eritórbico,Antioxidante Antioxidantes,"Dont worry, be happy!"
E316,Sospechoso,Químico o sintético,"Eritorbato de sodio, Eritorbato sódico, Eritorbato Na",Antioxidante Antioxidantes,"Dont worry, be happy!"
E320,¡Peligroso!,Químico o sintético,"Butilhidroxianisol, Hidroxianisol butilado",Antioxidante Antioxidantes,"Dont worry, be happy!"
E321,¡Peligroso!,Químico o sintético,"Butil hidroxitolueno, BHT",Antioxidante Antioxidantes,"Dont worry, be happy!"
E322,No nocivo,Químico o sintético,Lecitina-N,Antioxidante Antioxidantes,"Dont worry, be happy!"
E325,No nocivo,Indeterminado,"Lactato de sodio, Lactato sódico, Lactato de Na",Antioxidante Antioxidantes,"Warning, this could kill you!"
E326,No nocivo,Indeterminado,"Lactato de potasio, Lactato potásico, Lactato de K",Antioxidante Antioxidantes,"Warning, this could kill you!"
E327,No nocivo,Indeterminado,"Lactato de calcio, Lactato cálcico, Lactato Ca",Antioxidante Antioxidantes,"Warning, this could kill you!"
E330,Sospechoso,Químico o sintético,Ácido cítrico,Antioxidante Antioxidantes,"Dont worry, be happy!"
E331,Sospechoso,Químico o sintético,"Citrato de sodio, Citrato sódico, Citrato de Na",Antioxidante Antioxidantes,"Dont worry, be happy!"
E332,Sospechoso,Químico o sintético,"Citrato de potasio, Citrato potásico, Citrato de K",Antioxidante Antioxidantes,"Dont worry, be happy!"
E333,Sospechoso,Químico o sintético,"citrato de calcio, Citrato cálcico, Citrato Ca",Antioxidante Antioxidantes,"Dont worry, be happy!"
E334,No nocivo,Químico o sintético,Ácido tartárico,Antioxidante Antioxidantes,"Dont worry, be happy!"
E335,No nocivo,Químico o sintético,"Tartrato de sodio, Tartrato sódico, Tartrato de Na",Antioxidante Antioxidantes,"Dont worry, be happy!"
E336,No nocivo,Químico o sintético,"Tartrato de potasio, Tartrato potásico, Tartrato de K",Antioxidante Antioxidantes,"Dont worry, be happy!"
E337,No nocivo,Químico o sintético,Tartrato...,Antioxidante Antioxidantes,"Dont worry, be happy!"
E338,Sospechoso,Químico o sintético,Ácido ortofosfórico,Antioxidante Antioxidantes,"Dont worry, be happy!"
E339,Sospechoso,Químico o sintético,Sales ortofosfóricas,Antioxidante Antioxidantes,"Dont worry, be happy!"
E340,Sospechoso,Químico o sintético,Sales ortofosfóricas,Antioxidante Antioxidantes,"Dont worry, be happy!"
E341,No nocivo,Químico o sintético,Ácido ortofosfórico,Antioxidante Antioxidantes,"Dont worry, be happy!"
E380,¡Peligroso!,Químico o sintético,Citrato triamónico,Antioxidante Antioxidantes,"Dont worry, be happy!"
E385,¡Peligroso!,Químico o sintético,"EDTA, Ácido etilendiaminotetraacético, Etilenodiamino tetracetato cálcico disódico, Tetra acetato disódico de etilendiamina",Antioxidante Antioxidantes,"Dont worry, be happy!"
E400,No nocivo,Vegetal,Ácido algínico,Estabilizante Estabilizantes,"Dont worry, be happy!"
E401,No nocivo,Indeterminado,"Alginato de sodio, Alginato sódico, Alginato de Na",Estabilizante Estabilizantes,"Dont worry, be happy!"
E402,No nocivo,Indeterminado,"Alginato de potasio, Alginato potásico, Alginato de K",Estabilizante Estabilizantes,"Dont worry, be happy!"
E403,No nocivo,Indeterminado,Alginato...,Estabilizante Estabilizantes,"Dont worry, be happy!"
E404,No nocivo,Indeterminado,"Alginato de calcio, Alginato cálcico, Alginato de Ca",Estabilizante Estabilizantes,"Dont worry, be happy!"
E405,No nocivo,Indeterminado,"Alginato de propilenglicol, Alginato de propilenoglicol, PGA",Estabilizante Estabilizantes,"Dont worry, be happy!"
E406,No nocivo,Indeterminado,Agar-Agar,Estabilizante Estabilizantes,"Dont worry, be happy!"
E407,¡Peligroso!,Indeterminado,"Carragenato, Carragenano, Carragenina",Estabilizante Estabilizantes,"Dont worry, be happy!"
E408,No nocivo,Indeterminado,Furcelerán,Estabilizante Estabilizantes,"Dont worry, be happy!"
E410,No nocivo,Indeterminado,Goma garrofin,Estabilizante Estabilizantes,"Dont worry, be happy!"
E411,No nocivo,Indeterminado,Harina tamari,Estabilizante Estabilizantes,"Dont worry, be happy!"
E412,No nocivo,Indeterminado,Goma guar,Estabilizante Estabilizantes,"Dont worry, be happy!"
E413,No nocivo,Indeterminado,Goma tragácica,Estabilizante Estabilizantes,"Dont worry, be happy!"
E414,No nocivo,Indeterminado,Goma arábica,Estabilizante Estabilizantes,"Dont worry, be happy!"
E415,Sospechoso,Vegetal,"Goma xantana, Xantano",Estabilizante Estabilizantes,"Dont worry, be happy!"
E416,No nocivo,Indeterminado,Goma K.,Estabilizante Estabilizantes,"Dont worry, be happy!"
E417,No nocivo,Indeterminado,Goma tara,Estabilizante Estabilizantes,"Dont worry, be happy!"
E418,No nocivo,Indeterminado,Goma gellan,Estabilizante Estabilizantes,"Dont worry, be happy!"
E420,No nocivo,Químico o sintético,Sorbitol,Edulcorante Edulcorantes,"Dont worry, be happy!"
E421,No nocivo,Químico o sintético,Manitol,Edulcorante Edulcorantes,"Dont worry, be happy!"
E422,No nocivo,Químico o sintético,Glicerina,Estabilizante Estabilizantes,"Dont worry, be happy!"
E431,Sospechoso,Químico o sintético,Sorbitan,Estabilizante Estabilizantes,"Dont worry, be happy!"
E436,Sospechoso,Químico o sintético,Sorbitan,Estabilizante Estabilizantes,"Dont worry, be happy!"
E440,No nocivo,Vegetal,Pectina,Estabilizante Estabilizantes,"Dont worry, be happy!"
E440a,No nocivo,Vegetal,Pectinas,Estabilizante Estabilizantes,"Dont worry, be happy!"
E440b,Sospechoso,Indeterminado,Pectina amidada,Estabilizante Estabilizantes,"Dont worry, be happy!"
E442,Sospechoso,Químico o sintético,Fosfátidos...,Estabilizante Estabilizantes,"Dont worry, be happy!"
E444,Sospechoso,Químico o sintético,Acetato isobutírico,Estabilizante Estabilizantes,"Dont worry, be happy!"
E445,Sospechoso,Químico o sintético,Éter glicólico,Estabilizante Estabilizantes,"Dont worry, be happy!"
E450,¡Peligroso!,Químico o sintético,Difosfatos,Estabilizante Estabilizantes,"Dont worry, be happy!"
E450a,¡Peligroso!,Químico o sintético,Difosfatos disódicos pirofosfatos,Estabilizante Estabilizantes,"Dont worry, be happy!"
E451,¡Peligroso!,Químico o sintético,Trifosfatos,Estabilizante Estabilizantes,"Dont worry, be happy!"
E452,¡Peligroso!,Químico o sintético,Polifosfatos,Estabilizante Estabilizantes,"Dont worry, be happy!"
E460,No nocivo,Químico o sintético,Celulosa,Estabilizante Estabilizantes,"Dont worry, be happy!"
E461,No nocivo,Indeterminado,Metil celulosa,Estabilizante Estabilizantes,"Dont worry, be happy!"
E462,No nocivo,Químico o sintético,Etilcelulosa,Estabilizante Estabilizantes,"Dont worry, be happy!"
E463,Sospechoso,Químico o sintético,Hidroxiprolina,Estabilizante Estabilizantes,"Dont worry, be happy!"
E464,No nocivo,Químico o sintético,Hidroxi...,Estabilizante Estabilizantes,"Dont worry, be happy!"
E465,No nocivo,Químico o sintético,Metiletilcelulosa,Estabilizante Estabilizantes,"Dont worry, be happy!"
E466,Sospechoso,Químico o sintético,Carboximetilcelulosa de Sodio,Estabilizante Estabilizantes,"Dont worry, be happy!"
E470,Sospechoso,Químico o sintético,Sales de Ácidos Grasos,Estabilizante Estabilizantes,"Dont worry, be happy!"
E470b,Sospechoso,Químico o sintético,Sales de magnesio de Ácidos Grasos,Estabilizante Estabilizantes,"Dont worry, be happy!"
E471,Sospechoso,Químico o sintético,Mono y Diglicéridos de Ácidos Grasos,Estabilizante Estabilizantes,"Dont worry, be happy!"
E472,Sospechoso,Químico o sintético,Ésteres de Ácidos Grasos,Estabilizante Estabilizantes,"Warning, this could kill you!"
E473,Sospechoso,Químico o sintético,Sucroésteres de Ácidos Grasos,Estabilizante Estabilizantes,"Dont worry, be happy!"
E474,Sospechoso,Químico o sintético,Sucroglicéridos de Ácidos Grasos,Estabilizante Estabilizantes,"Dont worry, be happy!"
E475,Sospechoso,Químico o sintético,Ésteres de Ácidos Grasos,Estabilizante Estabilizantes,"Dont worry, be happy!"
E476,Sospechoso,Químico o sintético,Polirricinoleato de Ácidos Grasos,Estabilizante Estabilizantes,"Dont worry, be happy!"
E477,Sospechoso,Químico o sintético,Ésteres propano de Ácidos Grasos,Estabilizante Estabilizantes,"Dont worry, be happy!"
E478,Sospechoso,Químico o sintético,Lacatato de Ácidos Grasos,Estabilizante Estabilizantes,"Warning, this could kill you!"
E479,Sospechoso,Químico o sintético,Aceite soja oxid.,Estabilizante Estabilizantes,"Dont worry, be happy!"
E480,Sospechoso,Químico o sintético,Ácido estérico,Estabilizante Estabilizantes,"Warning, this could kill you!"
E481,Sospechoso,Químico o sintético,Stearoil-2-lactato,Estabilizante Estabilizantes,"Warning, this could kill you!"
E482,Sospechoso,Químico o sintético,"Stearoil-2-lactato, Calcio lactato",Estabilizante Estabilizantes,"Warning, this could kill you!"
E483,Sospechoso,Químico o sintético,"Tartrato de Sterato, Tartrato esteárico",Estabilizante Estabilizantes,"Dont worry, be happy!"
E491,Sospechoso,Químico o sintético,"Spans, Sorbitanos",Estabilizante Estabilizantes,"Dont worry, be happy!"
E492,¡Peligroso!,Indeterminado,Triestearato de Sorbitán,Estabilizante Estabilizantes,"Dont worry, be happy!"
E495,Sospechoso,Químico o sintético,Spans,Estabilizante Estabilizantes,"Dont worry, be happy!"
E500,No nocivo,Químico o sintético,Carbonato Na,Estabilizante Estabilizantes,"Dont worry, be happy!"
E501,No nocivo,Químico o sintético,Carbonatos Ca,Estabilizante Estabilizantes,"Dont worry, be happy!"
E503,No nocivo,Químico o sintético,Carbonato Amo.,Estabilizante Estabilizantes,"Dont worry, be happy!"
E504,No nocivo,Químico o sintético,Carbonatos Mg,Estabilizante Estabilizantes,"Dont worry, be happy!"
E507,Sospechoso,Químico o sintético,Ácido Clorhídrico,Estabilizante Estabilizantes,"Dont worry, be happy!"
E508,No nocivo,Químico o sintético,Cloruro K,Estabilizante Estabilizantes,"Dont worry, be happy!"
E509,Sospechoso,Químico o sintético,Cloruro Ca,Estabilizante Estabilizantes,"Dont worry, be happy!"
E511,No nocivo,Químico o sintético,Cloruro Mg,Estabilizante Estabilizantes,"Dont worry, be happy!"
E513,Sospechoso,Químico o sintético,Ácido Sulfúrico,Estabilizante Estabilizantes,"Dont worry, be happy!"
E514,Sospechoso,Químico o sintético,Sulfatos,Estabilizante Estabilizantes,"Dont worry, be happy!"
E523,Sospechoso,Químico o sintético,Sulfatos,Estabilizante Estabilizantes,"Dont worry, be happy!"
E524,No nocivo,Químico o sintético,Hidróx. de sales,Estabilizante Estabilizantes,"Dont worry, be happy!"
E528,No nocivo,Químico o sintético,Hidróx. de sales,Estabilizante Estabilizantes,"Dont worry, be happy!"
E529,No nocivo,Químico o sintético,Óxido de Ca,Estabilizante Estabilizantes,"Dont worry, be happy!"
E530,No nocivo,Químico o sintético,Óxido Mg,Estabilizante Estabilizantes,"Dont worry, be happy!"
E535,Sospechoso,Químico o sintético,Ferrocian. sales,Estabilizante Estabilizantes,"Dont worry, be happy!"
E536,Sospechoso,Químico o sintético,Ferrocian. sales,Estabilizante Estabilizantes,"Dont worry, be happy!"
E541,Sospechoso,Químico o sintético,Fosfato ácido,Estabilizante Estabilizantes,"Dont worry, be happy!"
E542,No nocivo,Animal,Fosfato óseo,Estabilizante Estabilizantes,"Dont worry, be happy!"
E551,No nocivo,Químico o sintético,Dióxido Silicio,Estabilizante Estabilizantes,"Dont worry, be happy!"
E552,No nocivo,Químico o sintético,Silicato cálcico,Estabilizante Estabilizantes,"Dont worry, be happy!"
E553,No nocivo,Químico o sintético,Talco,Estabilizante Estabilizantes,"Dont worry, be happy!"
E554,No nocivo,Químico o sintético,Silicatos,Estabilizante Estabilizantes,"Dont worry, be happy!"
E556,No nocivo,Químico o sintético,Silicatos,Estabilizante Estabilizantes,"Dont worry, be happy!"
E558,Sospechoso,Químico o sintético,Bentonita,Estabilizante Estabilizantes,"Dont worry, be happy!"
E559,Sospechoso,Químico o sintético,Silicato de Aluminio,Estabilizante Estabilizantes,"Dont worry, be happy!"
E570,Sospechoso,Indeterminado,Ácidos grasos,Estabilizante Estabilizantes,"Dont worry, be happy!"
E572,No nocivo,Químico o sintético,Esterato Mg,Estabilizante Estabilizantes,"Dont worry, be happy!"
E574,Sospechoso,Químico o sintético,Ácido glucónico,Estabilizante Estabilizantes,"Dont worry, be happy!"
E575,Sospechoso,Químico o sintético,Glucono-delto-...,Estabilizante Estabilizantes,"Dont worry, be happy!"
E576,No nocivo,Químico o sintético,Glucon...,Estabilizante Estabilizantes,"Dont worry, be happy!"
E579,No nocivo,Químico o sintético,Glucon...,Estabilizante Estabilizantes,"Dont worry, be happy!"
E585,No nocivo,Químico o sintético,Lactato ferroso,Estabilizante Estabilizantes,"Dont worry, be happy!"
E620,Sospechoso,Químico o sintético,Ácido glucónico,Saborizante Saborizantes,"Dont worry, be happy!"
E621,¡Peligroso!,Químico o sintético,Glutamatos,Saborizante Saborizantes,"Dont worry, be happy!"
E625,¡Peligroso!,Químico o sintético,Glutamatos,Saborizante Saborizantes,"Dont worry, be happy!"
E626,Sospechoso,Químico o sintético,Guanilatos,Saborizante Saborizantes,"Dont worry, be happy!"
E627,Sospechoso,Químico o sintético,Guanilato sódico,Saborizante Saborizantes,"Dont worry, be happy!"
E629,Sospechoso,Químico o sintético,Guanilatos,Saborizante Saborizantes,"Dont worry, be happy!"
E630,Sospechoso,Químico o sintético,Inosinatos,Saborizante Saborizantes,"Dont worry, be happy!"
E631,Sospechoso,Animal,Inosinato de sodio 5,Saborizante Saborizantes,"Dont worry, be happy!"
E633,Sospechoso,Químico o sintético,Inosinatos,Saborizante Saborizantes,"Dont worry, be happy!"
E634,¡Peligroso!,Químico o sintético,Ribonucleótidos discódicos,Saborizante Saborizantes,"Dont worry, be happy!"
E635,¡Peligroso!,Químico o sintético,Ribonucleótidos discódicos,Saborizante Saborizantes,"Dont worry, be happy!"
E636,Sospechoso,Indeterminado,Maltol,Saborizante Saborizantes,"Dont worry, be happy!"
E637,Sospechoso,Químico o sintético,Etil-maltol,Saborizante Saborizantes,"Dont worry, be happy!"
E640,Sospechoso,Químico o sintético,Glicina y su sal,Saborizante Saborizantes,"Dont worry, be happy!"
E900,Sospechoso,Químico o sintético,Dimetilpolixi...,Estabilizante Estabilizantes,"Dont worry, be happy!"
E901,No nocivo,Animal,Ceras,Estabilizante Estabilizantes,"Dont worry, be happy!"
E903,No nocivo,Indeterminado,Ceras,Estabilizante Estabilizantes,"Dont worry, be happy!"
E904,Sospechoso,Animal,Goma laca,Estabilizante Estabilizantes,"Dont worry, be happy!"
E912,Sospechoso,Químico o sintético,Ésteres...,Estabilizante Estabilizantes,"Dont worry, be happy!"
E913,¡Peligroso!,Animal,Lanolina,Estabilizante Estabilizantes,"Dont worry, be happy!"
E914,Sospechoso,Químico o sintético,Cera polietileno,Estabilizante Estabilizantes,"Dont worry, be happy!"
E920,No nocivo,Animal,L-Cisteína,Estabilizante Estabilizantes,"Dont worry, be happy!"
E921,No nocivo,Animal,L-Cisteína,Estabilizante Estabilizantes,"Dont worry, be happy!"
E927,Sospechoso,Químico o sintético,Carbamida,Estabilizante Estabilizantes,"Dont worry, be happy!"
E950,Sospechoso,Químico o sintético,Acesulfamo potásico,Edulcorante Edulcorantes,"Dont worry, be happy!"
E951,¡Peligroso!,Químico o sintético,Aspartamo (Fenilalanina),Edulcorante Edulcorantes,"Dont worry, be happy!"
E952,¡Peligroso!,Químico o sintético,Ciclamatos,Edulcorante Edulcorantes,"Dont worry, be happy!"
E953,Sospechoso,Químico o sintético,Isolmaltitol,Edulcorante Edulcorantes,"Dont worry, be happy!"
E954,Sospechoso,Químico o sintético,Sacarina,Edulcorante Edulcorantes,"Dont worry, be happy!"
E955,Sospechoso,Químico o sintético,Sucralosa,Edulcorante Edulcorantes,"Dont worry, be happy!"
E957,Sospechoso,Indeterminado,Taumatina,Edulcorante Edulcorantes,"Dont worry, be happy!"
E959,Sospechoso,Químico o sintético,Neohesperidina DC,Edulcorante Edulcorantes,"Dont worry, be happy!"
E960,No nocivo,Vegetal,"Glicósidos de esteviol, Esteviósido, Extracto de Stevia",Edulcorante Edulcorantes,"Dont worry, be happy!"
E965,Sospechoso,Químico o sintético,Maltitol,Edulcorante Edulcorantes,"Dont worry, be happy!"
E966,Sospechoso,Químico o sintético,Lactitol,Edulcorante Edulcorantes,"Warning, this could kill you!"
E967,Sospechoso,Químico o sintético,Xilitol,Edulcorante Edulcorantes,"Dont worry, be happy!"
E968,No nocivo,Químico o sintético,Eritritol,Edulcorante Edulcorantes,"Dont worry, be happy!"
E1000,¡Peligroso!,Animal,Ácido cólico,Estabilizante Estabilizantes,"Dont worry, be happy!"
E1105,Sospechoso,Animal,Lisozima (Muramidasa),Conservante Conservantes,"Dont worry, be happy!"
E1200,Sospechoso,Químico o sintético,Polidextrosa,Estabilizante Estabilizantes,"Dont worry, be happy!"
E1400,Sospechoso,Químico o sintético,Dextrina,Estabilizante Estabilizantes,"Dont worry, be happy!"
E1401,Sospechoso,Químico o sintético,Almidón ácido,Estabilizante Estabilizantes,"Dont worry, be happy!"
E1402,Sospechoso,Químico o sintético,Almidón alcalino modificado,Estabilizante Estabilizantes,"Dont worry, be happy!"
E1403,Sospechoso,Químico o sintético,Almidón blanqueado,Estabilizante Estabilizantes,"Dont worry, be happy!"
E1404,Sospechoso,Químico o sintético,Almidón oxidado,Estabilizante Estabilizantes,"Warning, this could kill you!"
E1405,Sospechoso,Químico o sintético,Almidón enzimático,Estabilizante Estabilizantes,"Dont worry, be happy!"
E1410,Sospechoso,Químico o sintético,Fosfato monoalmidón,Estabilizante Estabilizantes,"Warning, this could kill you!"
E1412,Sospechoso,Químico o sintético,Fosfato dialmidón,Estabilizante Estabilizantes,"Warning, this could kill you!"
E1413,Sospechoso,Químico o sintético,Fosfato dialmidón fosfatado,Estabilizante Estabilizantes,"Warning, this could kill you!"
E1414,Sospechoso,Químico o sintético,Fosfato dialmidón acetilado,Estabilizante Estabilizantes,"Warning, this could kill you!"
E1420,Sospechoso,Químico o sintético,Almidón acetilado,Estabilizante Estabilizantes,"Warning, this could kill you!"
E1422,Sospechoso,Químico o sintético,Adipato dialmidón acetilado,Estabilizante Estabilizantes,"Warning, this could kill you!"
E1440,Sospechoso,Químico o sintético,Hidroxipropil almidón,Estabilizante Estabilizantes,"Dont worry, be happy!"
E1442,Sospechoso,Químico o sintético,Fosfato dialmidón hidroxipropilado,Estabilizante Estabilizantes,"Warning, this could kill you!"
E1450,Sospechoso,Químico o sintético,Octenil succinato sódico de almidón,Estabilizante Estabilizantes,"Warning, this could kill you!"
E1518,¡Peligroso!,Químico o sintético,"Gliceril mono, di y tri-acetato de calcio",Estabilizante Estabilizantes,"Dont worry, be happy!"
Default,¡Peligroso!,Indeterminado,Default,Estabilizante Estabilizantes,"Warning, this could kill you!"
